temperature,humidity,soil_humidity,ph,water_quantity
0.4484735747231892,0.1389391271370782,0.036933805723802046,0.0,0.0
0.3667427078119659,0.14597174113852357,0.14402294779350505,0.0,0.0
