temperature,humidity,ph
32.17668533325195,52.02618408203125,0.0
